<?xml version="1.0" encoding="UTF-8"?>
<csw:Record xmlns:csw="http://www.opengis.net/cat/csw/2.0.2" 
  xmlns:ows="http://www.opengis.net/ows" 
  xmlns:dc="http://purl.org/dc/elements/1.1/" 
  xmlns:dct="http://purl.org/dc/terms/"
  xmlns:xsd="http://www.w3.org/2001/XMLSchema">
    <dc:identifier>urn:uuid:94bc9c83-97f6-4b40-9eb8-a8e8787a5c63</dc:identifier>
    <dc:type>http://purl.org/dc/dcmitype/Dataset</dc:type>
    <dc:title>Mauris sed neque</dc:title>
    <dc:subject scheme="http://www.digest.org/2.1">Vegetation-Cropland</dc:subject>
    <dct:abstract>Curabitur lacinia, ante non porta tempus, mi lorem feugiat odio, eget suscipit eros pede ac velit.</dct:abstract>
    <dc:date>2006-03-26</dc:date>
    <ows:BoundingBox crs="urn:x-ogc:def:crs:EPSG:6.11:4326">
      <ows:LowerCorner>47.595 -4.097</ows:LowerCorner>
      <ows:UpperCorner>51.217 0.889</ows:UpperCorner>
    </ows:BoundingBox>
</csw:Record>
