<?xml version="1.0" encoding="UTF-8"?>
<csw:Record xmlns:csw="http://www.opengis.net/cat/csw/2.0.2" 
  xmlns:ows="http://www.opengis.net/ows" 
  xmlns:dc="http://purl.org/dc/elements/1.1/" 
  xmlns:dct="http://purl.org/dc/terms/"
  xmlns:xsd="http://www.w3.org/2001/XMLSchema">
    <dc:identifier>urn:uuid:784e2afd-a9fd-44a6-9a92-a3848371c8ec</dc:identifier>
    <dc:title>Aliquam fermentum purus quis arcu</dc:title>
    <dc:type>http://purl.org/dc/dcmitype/Text</dc:type>
    <dc:subject>Hydrography--Dictionaries</dc:subject>
    <dc:format>application/pdf</dc:format>
    <dc:date>2006-05-12</dc:date>
    <dct:abstract>Vestibulum quis ipsum sit amet metus imperdiet vehicula. Nulla scelerisque cursus mi.</dct:abstract>
</csw:Record>
