<?xml version="1.0" encoding="UTF-8"?>
<csw:Record xmlns:csw="http://www.opengis.net/cat/csw/2.0.2" 
  xmlns:ows="http://www.opengis.net/ows" 
  xmlns:dc="http://purl.org/dc/elements/1.1/" 
  xmlns:dct="http://purl.org/dc/terms/"
  xmlns:xsd="http://www.w3.org/2001/XMLSchema">
    <dc:identifier>urn:uuid:e9330592-0932-474b-be34-c3a3bb67c7db</dc:identifier>
    <dc:type>http://purl.org/dc/dcmitype/Text</dc:type>
    <dc:title>Fuscé vitae ligulä</dc:title>
    <dc:date>2003-05-09</dc:date>
    <dc:subject>Land titles</dc:subject>
    <dc:format>text/rtf</dc:format>
    <dct:abstract>Morbi ultriçes, dui suscipit vestibulum prètium, velit ante pretium tortor, egët tincidunt pede odio ac nulla.</dct:abstract>
</csw:Record>
