<?xml version="1.0" encoding="UTF-8"?>
<csw:Record xmlns:csw="http://www.opengis.net/cat/csw/2.0.2" 
  xmlns:ows="http://www.opengis.net/ows" 
  xmlns:dc="http://purl.org/dc/elements/1.1/" 
  xmlns:dct="http://purl.org/dc/terms/"
  xmlns:xsd="http://www.w3.org/2001/XMLSchema">
    <dc:identifier>urn:uuid:9a669547-b69b-469f-a11f-2d875366bbdc</dc:identifier>
    <dc:type>http://purl.org/dc/dcmitype/Dataset</dc:type>
    <dc:title>Ñunç elementum</dc:title>
    <dc:subject scheme="http://www.digest.org/2.1">Hydrography-Oceanographic</dc:subject>
    <dc:date>2005-10-24</dc:date>
    <ows:BoundingBox crs="urn:x-ogc:def:crs:EPSG:6.11:4326">
      <ows:LowerCorner>44.792 -6.171</ows:LowerCorner>
      <ows:UpperCorner>51.126 -2.228</ows:UpperCorner>
    </ows:BoundingBox>
</csw:Record>
